percentile,diameter_mm,percent_finer
D10,0.00519,10
D30,0.01996,30
D50,0.0493,50
D60,0.06685,60
D90,0.20548,90
